anomaly_type,event_date,customer_name_norm,amount,threshold,note
invoice_outlier,2026-01-31,BC HYDRO,47665.8,28500.47,invoice_value_above_p99
invoice_outlier,2026-01-15,BC HYDRO,30299.06,28500.47,invoice_value_above_p99
customer_month_spike,2026-01-01,CITRUS O,3928.41,2943.05,monthly_invoice_total_above_mean_plus_3sd
customer_month_spike,2026-01-01,COASTAL TESTING & INSPECTIONS LTD,3702.3,3266.24,monthly_invoice_total_above_mean_plus_3sd
invoice_outlier,2025-12-31,BC HYDRO,38711.93,38537.27,invoice_value_above_p99
credit_burst,2025-12-01,BY DOMAIN WEB SERVICES INC,1377.34,1323.88,monthly_credit_abs_above_p99
credit_burst,2025-11-01,BC HYDRO,18825.19,1323.88,monthly_credit_abs_above_p99
credit_burst,2025-11-01,WESGROUP,2163.84,1323.88,monthly_credit_abs_above_p99
customer_month_spike,2025-11-01,IT PROMO,4505.47,3427.77,monthly_invoice_total_above_mean_plus_3sd
invoice_outlier,2025-10-21,BC HYDRO,105840.0,38537.27,invoice_value_above_p99
invoice_outlier,2025-09-23,BC HYDRO,105840.0,38537.27,invoice_value_above_p99
invoice_outlier,2025-09-05,BC HYDRO,44887.5,38537.27,invoice_value_above_p99
customer_month_spike,2025-09-01,THE ROZSA FOUNDATION,627.86,457.7,monthly_invoice_total_above_mean_plus_3sd
invoice_outlier,2025-08-20,BC HYDRO,38615.06,38537.27,invoice_value_above_p99
invoice_outlier,2025-08-07,BC HYDRO,60243.75,38537.27,invoice_value_above_p99
customer_month_spike,2025-08-01,THE CAPITAL MEDIA COMPANY,21124.67,17699.92,monthly_invoice_total_above_mean_plus_3sd
customer_month_spike,2025-08-01,COMPLY TECH LLC,153.82,112.73,monthly_invoice_total_above_mean_plus_3sd
invoice_outlier,2025-07-15,FORTISBC ENERGY INC,44294.51,38537.27,invoice_value_above_p99
customer_month_spike,2025-07-01,LEO WEB PROTECT,14118.4,12552.77,monthly_invoice_total_above_mean_plus_3sd
customer_month_spike,2025-07-01,NIKKEI NATIONAL MUSEUM,7065.44,6372.95,monthly_invoice_total_above_mean_plus_3sd
credit_burst,2025-06-01,BLANCHE MACDONALD CENTRE,5801.25,1323.88,monthly_credit_abs_above_p99
invoice_outlier,2025-05-08,BC HYDRO,60243.75,38537.27,invoice_value_above_p99
invoice_outlier,2025-04-08,BC HYDRO,60480.0,38537.27,invoice_value_above_p99
credit_burst,2025-04-01,BC HYDRO,2615.55,1323.88,monthly_credit_abs_above_p99
credit_burst,2025-04-01,WESTPOINT CONFERENCE SERVICES,1486.89,1323.88,monthly_credit_abs_above_p99
credit_burst,2025-02-01,CHILD & FAMILY RESEARCH INSTITUTE,2055.2,1323.88,monthly_credit_abs_above_p99
invoice_outlier,2025-01-08,BC HYDRO,45095.8,38537.27,invoice_value_above_p99
credit_burst,2025-01-01,BLANCHE MACDONALD CENTRE,11602.5,1323.88,monthly_credit_abs_above_p99
customer_month_spike,2025-01-01,CITRUS O,3467.8,2943.05,monthly_invoice_total_above_mean_plus_3sd
credit_burst,2024-12-01,METLAKATLA FIRST NATION,4684.97,1323.88,monthly_credit_abs_above_p99
invoice_outlier,2024-12-01,BLANCHE MACDONALD CENTRE,11602.5,10593.72,invoice_value_above_p99
invoice_outlier,2024-11-08,METLAKATLA FIRST NATION,11660.78,10593.72,invoice_value_above_p99
invoice_outlier,2024-09-18,ASSOCIATED LABELS,10671.93,10593.72,invoice_value_above_p99
customer_month_spike,2024-09-01,THE ROZSA FOUNDATION,553.14,457.7,monthly_invoice_total_above_mean_plus_3sd
invoice_outlier,2024-08-23,INNER CITY DIESEL,18270.0,10593.72,invoice_value_above_p99
invoice_outlier,2024-08-23,INNER CITY DIESEL,10962.0,10593.72,invoice_value_above_p99
customer_month_spike,2024-08-01,INNER CITY DIESEL,38640.0,26803.63,monthly_invoice_total_above_mean_plus_3sd
customer_month_spike,2024-08-01,IT PROMO,4429.82,3427.77,monthly_invoice_total_above_mean_plus_3sd
customer_month_spike,2024-08-01,COMPLY TECH LLC,130.69,112.73,monthly_invoice_total_above_mean_plus_3sd
customer_month_spike,2024-07-01,NIKKEI NATIONAL MUSEUM,8529.38,6372.95,monthly_invoice_total_above_mean_plus_3sd
invoice_outlier,2024-06-01,BLANCHE MACDONALD CENTRE,11174.13,10593.72,invoice_value_above_p99
credit_burst,2024-04-01,LEO WEB PROTECT,1668.0,1323.88,monthly_credit_abs_above_p99
credit_burst,2024-04-01,CLUB HOUSE CONTROL SOFTWARE,1563.6,1323.88,monthly_credit_abs_above_p99
credit_burst,2024-02-01,UNIVERSITY OF CALGARY,8293.43,1323.88,monthly_credit_abs_above_p99
credit_burst,2024-02-01,HAYDUK PICKER SERVICE LTD,3086.27,1323.88,monthly_credit_abs_above_p99
invoice_outlier,2024-01-31,UBC GERIATRIC DENTISTRY PROGRAM,10852.72,10593.72,invoice_value_above_p99
customer_month_spike,2024-01-01,CITRUS O,3461.37,2943.05,monthly_invoice_total_above_mean_plus_3sd
invoice_outlier,2024-01-01,CHARTER TELECOM INC,12640.32,10593.72,invoice_value_above_p99
invoice_outlier,2024-01-01,DIAMOND DELIVERY INC,11597.6,10593.72,invoice_value_above_p99
credit_burst,2023-12-01,NUAJ COMPANY INC,2479.79,1323.88,monthly_credit_abs_above_p99
customer_month_spike,2023-11-01,CASCADIA MOTIVATION,21135.18,15844.02,monthly_invoice_total_above_mean_plus_3sd
invoice_outlier,2023-10-15,UBC GERIATRIC DENTISTRY PROGRAM,14767.03,13436.36,invoice_value_above_p99
credit_burst,2023-10-01,NUAJ COMPANY INC,2066.49,1323.88,monthly_credit_abs_above_p99
customer_month_spike,2023-10-01,"C & E SPECIALTIES, INC",2961.85,2465.3,monthly_invoice_total_above_mean_plus_3sd
invoice_outlier,2023-09-06,RICHARDS & RICHARDS,16651.6,13436.36,invoice_value_above_p99
customer_month_spike,2023-09-01,RICHARDS & RICHARDS,16651.6,8785.04,monthly_invoice_total_above_mean_plus_3sd
customer_month_spike,2023-09-01,GREAT LITTLE BOX COMPANY,2456.84,2276.21,monthly_invoice_total_above_mean_plus_3sd
customer_month_spike,2023-09-01,THE ROZSA FOUNDATION,529.2,457.7,monthly_invoice_total_above_mean_plus_3sd
invoice_outlier,2023-08-31,UBC GERIATRIC DENTISTRY PROGRAM,15225.46,13436.36,invoice_value_above_p99
customer_month_spike,2023-08-01,COMPLY TECH LLC,130.69,112.73,monthly_invoice_total_above_mean_plus_3sd
invoice_outlier,2023-07-31,UBC GERIATRIC DENTISTRY PROGRAM,19552.72,13436.36,invoice_value_above_p99
invoice_outlier,2023-07-16,UBC GERIATRIC DENTISTRY PROGRAM,15595.52,13436.36,invoice_value_above_p99
customer_month_spike,2023-07-01,NIKKEI NATIONAL MUSEUM,7147.76,6372.95,monthly_invoice_total_above_mean_plus_3sd
invoice_outlier,2023-06-30,UBC GERIATRIC DENTISTRY PROGRAM,14390.78,13436.36,invoice_value_above_p99
invoice_outlier,2023-06-23,THE CAPITAL MEDIA COMPANY,26204.85,13436.36,invoice_value_above_p99
customer_month_spike,2023-06-01,THE CAPITAL MEDIA COMPANY,30479.41,17699.92,monthly_invoice_total_above_mean_plus_3sd
customer_month_spike,2023-06-01,NIKKEI NATIONAL MUSEUM,10561.88,6372.95,monthly_invoice_total_above_mean_plus_3sd
credit_burst,2023-05-01,UBC GERIATRIC DENTISTRY PROGRAM,7290.7,1323.88,monthly_credit_abs_above_p99
customer_month_spike,2023-05-01,CLUB HOUSE CONTROL SOFTWARE,4467.57,3158.79,monthly_invoice_total_above_mean_plus_3sd
customer_month_spike,2023-04-01,ACCULOGIC,195.9,130.58,monthly_invoice_total_above_mean_plus_3sd
credit_burst,2023-03-01,THE MABIN SCHOOL,1953.77,1323.88,monthly_credit_abs_above_p99
invoice_outlier,2023-02-28,UBC GERIATRIC DENTISTRY PROGRAM,18900.36,13436.36,invoice_value_above_p99
invoice_outlier,2023-02-15,LONG VIEW SYSTEMS,18849.6,13436.36,invoice_value_above_p99
customer_month_spike,2023-02-01,THE MABIN SCHOOL,4978.27,3724.51,monthly_invoice_total_above_mean_plus_3sd
credit_burst,2023-01-01,DYNAMIC STRUCTURES LTD,11465.44,1323.88,monthly_credit_abs_above_p99
credit_burst,2023-01-01,WESGROUP,1404.48,1323.88,monthly_credit_abs_above_p99
customer_month_spike,2023-01-01,DYNAMIC STRUCTURES LTD,11465.44,11050.04,monthly_invoice_total_above_mean_plus_3sd
customer_month_spike,2023-01-01,CITRUS O,3458.7,2943.05,monthly_invoice_total_above_mean_plus_3sd
customer_month_spike,2023-01-01,"C & E SPECIALTIES, INC",3194.95,2465.3,monthly_invoice_total_above_mean_plus_3sd
customer_month_spike,2023-01-01,MANPOWER COMPLIANCE,256.62,138.19,monthly_invoice_total_above_mean_plus_3sd
invoice_outlier,2022-10-24,NUAJ COMPANY INC,10141.19,6144.14,invoice_value_above_p99
invoice_outlier,2022-10-21,CANDEAL INNOVATION INC,11802.85,6144.14,invoice_value_above_p99
credit_burst,2022-10-01,CANDEAL INNOVATION INC,11802.85,1323.88,monthly_credit_abs_above_p99
invoice_outlier,2022-09-22,PRECEDE OCCUPATIONAL HEALTH,7581.0,6144.14,invoice_value_above_p99
credit_burst,2022-09-01,PRECEDE OCCUPATIONAL HEALTH,7581.0,1323.88,monthly_credit_abs_above_p99
credit_burst,2022-09-01,ANTLER CREEK LOGGING LTD,1638.01,1323.88,monthly_credit_abs_above_p99
customer_month_spike,2022-09-01,PACIFIC SLEEP CARE,7265.56,6601.06,monthly_invoice_total_above_mean_plus_3sd
invoice_outlier,2022-09-01,MUNICODE,8833.86,6144.14,invoice_value_above_p99
invoice_outlier,2022-08-24,PRECEDE,9030.0,6144.14,invoice_value_above_p99
customer_month_spike,2022-08-01,ILWU LOCAL 502,1516.46,1382.89,monthly_invoice_total_above_mean_plus_3sd
customer_month_spike,2022-08-01,COMPLY TECH LLC,127.5,112.73,monthly_invoice_total_above_mean_plus_3sd
invoice_outlier,2022-07-15,THE MORTGAGE GROUP TMG,6306.3,6144.14,invoice_value_above_p99
customer_month_spike,2022-07-01,ILWU LOCAL 502,1849.76,1382.89,monthly_invoice_total_above_mean_plus_3sd
invoice_outlier,2022-06-01,BLANCHE MACDONALD CENTRE,7837.42,6144.14,invoice_value_above_p99
customer_month_spike,2022-04-01,DYNAMIC STRUCTURES LTD,12448.8,11050.04,monthly_invoice_total_above_mean_plus_3sd
customer_month_spike,2022-04-01,PACIFIC SLEEP CARE,7077.7,6601.06,monthly_invoice_total_above_mean_plus_3sd
invoice_outlier,2022-04-01,DYNAMIC STRUCTURES LTD,12448.8,6144.14,invoice_value_above_p99
invoice_outlier,2022-03-23,COLOUR AND STYLE PRINTING,6565.39,6144.14,invoice_value_above_p99
invoice_outlier,2022-03-21,SGS CANADA INC,6573.0,6144.14,invoice_value_above_p99
credit_burst,2022-03-01,SGS CANADA INC,6573.0,1323.88,monthly_credit_abs_above_p99
customer_month_spike,2022-01-01,CITRUS O,3139.5,2943.05,monthly_invoice_total_above_mean_plus_3sd
invoice_outlier,2021-11-15,CASCADIA MOTIVATION,9030.0,5989.41,invoice_value_above_p99
credit_burst,2021-11-01,PACIFIC SLEEP CARE,3112.2,1323.88,monthly_credit_abs_above_p99
customer_month_spike,2021-11-01,PACIFIC SLEEP CARE,7236.64,6601.06,monthly_invoice_total_above_mean_plus_3sd
customer_month_spike,2021-10-01,ASSOCIATED LABELS,33423.46,32321.11,monthly_invoice_total_above_mean_plus_3sd
invoice_outlier,2021-10-01,ASSOCIATED LABELS,28302.4,5989.41,invoice_value_above_p99
customer_month_spike,2021-09-01,COMPLY TECH LLC,127.5,112.73,monthly_invoice_total_above_mean_plus_3sd
invoice_outlier,2021-08-31,PHS COMMUNITY SERVICES SOCIETY,6103.13,5989.41,invoice_value_above_p99
credit_burst,2021-08-01,MINISTRY OF ENVIRONMENT,3013.5,1323.88,monthly_credit_abs_above_p99
customer_month_spike,2021-08-01,PHS COMMUNITY SERVICES SOCIETY,9086.34,8939.64,monthly_invoice_total_above_mean_plus_3sd
customer_month_spike,2021-08-01,PERFORMANCE OBJECTS INC,3256.32,2080.94,monthly_invoice_total_above_mean_plus_3sd
customer_month_spike,2021-08-01,ACCULOGIC,172.2,130.58,monthly_invoice_total_above_mean_plus_3sd
customer_month_spike,2021-08-01,MANPOWER COMPLIANCE,155.0,138.19,monthly_invoice_total_above_mean_plus_3sd
customer_month_spike,2021-08-01,COMPLY TECH LLC,127.5,112.73,monthly_invoice_total_above_mean_plus_3sd
customer_month_spike,2021-08-01,RONALD PETERSON,125.0,101.18,monthly_invoice_total_above_mean_plus_3sd
invoice_outlier,2021-07-13,WESTERN FRONT,12647.25,5989.41,invoice_value_above_p99
credit_burst,2021-06-01,PERFORMANCE OBJECTS INC,3990.0,1323.88,monthly_credit_abs_above_p99
customer_month_spike,2021-06-01,IAIN PENNINGTON,3990.0,3353.05,monthly_invoice_total_above_mean_plus_3sd
customer_month_spike,2021-06-01,MANPOWER COMPLIANCE,180.0,138.19,monthly_invoice_total_above_mean_plus_3sd
invoice_outlier,2021-06-01,CASCADIA MOTIVATION,9030.0,5989.41,invoice_value_above_p99
invoice_outlier,2021-05-09,FLANNIGAN FERTILITY,8142.75,5989.41,invoice_value_above_p99
credit_burst,2021-05-01,CASCADIA MOTIVATION,2727.76,1323.88,monthly_credit_abs_above_p99
customer_month_spike,2021-05-01,DW PAGE WEALTH MGT,3830.4,2492.39,monthly_invoice_total_above_mean_plus_3sd
customer_month_spike,2021-04-01,ACCULOGIC,187.95,130.58,monthly_invoice_total_above_mean_plus_3sd
invoice_outlier,2021-03-22,FLANNIGAN FERTILITY,6930.0,5989.41,invoice_value_above_p99
customer_month_spike,2021-03-01,DYNAMIC STRUCTURES LTD,14333.76,11050.04,monthly_invoice_total_above_mean_plus_3sd
customer_month_spike,2021-03-01,LOS ANGELES COUNTY REGIONAL TRAINING CENTER,989.0,935.9,monthly_invoice_total_above_mean_plus_3sd
invoice_outlier,2021-03-01,DYNAMIC STRUCTURES LTD,14333.76,5989.41,invoice_value_above_p99
customer_month_spike,2021-02-01,CITRUS O,3257.1,2943.05,monthly_invoice_total_above_mean_plus_3sd
invoice_outlier,2021-01-25,FLANNIGAN FERTILITY,6930.0,5989.41,invoice_value_above_p99
invoice_outlier,2021-01-05,LEO WEB PROTECT,9954.0,5989.41,invoice_value_above_p99
credit_burst,2021-01-01,CITRUS O,1523.81,1323.88,monthly_credit_abs_above_p99
customer_month_spike,2021-01-01,SOUTH OKANAGAN IMMIGRANT & COMMUNITY SERVICES,4154.2,2734.57,monthly_invoice_total_above_mean_plus_3sd
customer_month_spike,2021-01-01,COMPLY TECH LLC,121.25,112.73,monthly_invoice_total_above_mean_plus_3sd
invoice_outlier,2020-12-22,LEO WEB PROTECT,9954.0,6797.4,invoice_value_above_p99
credit_burst,2020-12-01,LEO WEB PROTECT,9954.0,1323.88,monthly_credit_abs_above_p99
customer_month_spike,2020-11-01,CHILD HEALTH BC HIP SURVEILLANCE PROGRAM,4395.31,4095.83,monthly_invoice_total_above_mean_plus_3sd
customer_month_spike,2020-10-01,BRUCE ALLEN TALENT,11297.77,7389.4,monthly_invoice_total_above_mean_plus_3sd
customer_month_spike,2020-10-01,MARK CARTWRIGHT,6802.6,6699.65,monthly_invoice_total_above_mean_plus_3sd
invoice_outlier,2020-10-01,BRUCE ALLEN TALENT,8050.13,6797.4,invoice_value_above_p99
credit_burst,2020-06-01,STRATEGIC RESEARCH ASSOCIATES,2217.63,1323.88,monthly_credit_abs_above_p99
invoice_outlier,2020-05-18,REDE ENERGY,18191.25,6797.4,invoice_value_above_p99
credit_burst,2020-05-01,SGS CANADA INC,4515.0,1323.88,monthly_credit_abs_above_p99
credit_burst,2020-05-01,TERRA SANO,1580.25,1323.88,monthly_credit_abs_above_p99
customer_month_spike,2020-05-01,OMADA COMMERCIAL,630.0,467.5,monthly_invoice_total_above_mean_plus_3sd
invoice_outlier,2020-03-31,REDE ENERGY,9528.75,6797.4,invoice_value_above_p99
invoice_outlier,2020-03-31,SGS CANADA INC,7449.75,6797.4,invoice_value_above_p99
invoice_outlier,2020-03-15,REDE ENERGY,15322.23,6797.4,invoice_value_above_p99
credit_burst,2020-03-01,ITRISTAN MEDIA GROUP,10384.7,1323.88,monthly_credit_abs_above_p99
customer_month_spike,2020-03-01,REDE ENERGY,30975.8,25880.28,monthly_invoice_total_above_mean_plus_3sd
customer_month_spike,2020-03-01,CHILD & FAMILY RESEARCH INSTITUTE,11555.27,11371.29,monthly_invoice_total_above_mean_plus_3sd
invoice_outlier,2020-02-28,SGS CANADA INC,15746.06,6797.4,invoice_value_above_p99
invoice_outlier,2020-02-10,SIMPLY COMPUTING,7056.0,6797.4,invoice_value_above_p99
customer_month_spike,2020-02-01,CHILD & FAMILY RESEARCH INSTITUTE,11962.13,11371.29,monthly_invoice_total_above_mean_plus_3sd
customer_month_spike,2020-02-01,KUTCHER ENGINEERING & INSPECTION INC,5152.0,4672.7,monthly_invoice_total_above_mean_plus_3sd
invoice_outlier,2020-01-23,SGS CANADA INC,17694.5,6797.4,invoice_value_above_p99
invoice_outlier,2020-01-09,0723024 BC LTD,11053.69,6797.4,invoice_value_above_p99
customer_month_spike,2020-01-01,0723024 BC LTD,11053.69,7995.62,monthly_invoice_total_above_mean_plus_3sd
invoice_outlier,2019-12-17,SGS CANADA INC,9530.12,7902.9,invoice_value_above_p99
invoice_outlier,2019-10-01,THE MORTGAGE GROUP TMG,9235.52,7902.9,invoice_value_above_p99
credit_burst,2019-09-01,ITRISTAN MEDIA GROUP,2160.56,1323.88,monthly_credit_abs_above_p99
invoice_outlier,2019-07-15,TERRA SANO,12190.5,7902.9,invoice_value_above_p99
credit_burst,2019-07-01,UNIVERSITY OF CALGARY,3410.4,1323.88,monthly_credit_abs_above_p99
credit_burst,2019-07-01,ITRISTAN MEDIA GROUP,2370.74,1323.88,monthly_credit_abs_above_p99
invoice_outlier,2019-06-30,ASSOCIATED LABELS,16615.2,7902.9,invoice_value_above_p99
customer_month_spike,2019-06-01,SIMPLY COMPUTING,19845.0,15606.73,monthly_invoice_total_above_mean_plus_3sd
invoice_outlier,2019-06-01,SIMPLY COMPUTING,15390.9,7902.9,invoice_value_above_p99
invoice_outlier,2019-05-15,MEETING ESCROW,11139.54,7902.9,invoice_value_above_p99
credit_burst,2019-05-01,DREAMS TAKE FLIGHT,1590.75,1323.88,monthly_credit_abs_above_p99
customer_month_spike,2019-05-01,TRC INNOVATIONS,2728.95,1805.01,monthly_invoice_total_above_mean_plus_3sd
customer_month_spike,2019-05-01,OMADA COMMERCIAL,630.0,467.5,monthly_invoice_total_above_mean_plus_3sd
invoice_outlier,2019-04-02,THE CANADA HOMESTAY NETWORK,7922.55,7902.9,invoice_value_above_p99
credit_burst,2019-04-01,D2O,16498.13,1323.88,monthly_credit_abs_above_p99
customer_month_spike,2019-04-01,DREAMS TAKE FLIGHT,9186.45,6293.22,monthly_invoice_total_above_mean_plus_3sd
customer_month_spike,2019-04-01,ACCULOGIC,187.95,130.58,monthly_invoice_total_above_mean_plus_3sd
invoice_outlier,2019-03-31,ALBERTA HEALTH SERVICES,10080.0,7902.9,invoice_value_above_p99
invoice_outlier,2019-02-14,SIMPLY COMPUTING,10143.0,7902.9,invoice_value_above_p99
invoice_outlier,2019-02-08,D2O,11655.0,7902.9,invoice_value_above_p99
credit_burst,2019-02-01,D2O,8957.55,1323.88,monthly_credit_abs_above_p99
credit_burst,2019-02-01,SIMPLY COMPUTING,2696.4,1323.88,monthly_credit_abs_above_p99
customer_month_spike,2019-02-01,RONALD PETERSON,275.0,101.18,monthly_invoice_total_above_mean_plus_3sd
customer_month_spike,2019-01-01,RICHARD W FORGO,180.0,168.6,monthly_invoice_total_above_mean_plus_3sd
invoice_outlier,2019-01-01,D2O,8957.55,7902.9,invoice_value_above_p99
invoice_outlier,2018-12-30,MEETING ESCROW,13200.66,9286.46,invoice_value_above_p99
credit_burst,2018-12-01,MEETING ESCROW,5290.66,1323.88,monthly_credit_abs_above_p99
invoice_outlier,2018-11-30,MEETING ESCROW,19987.44,9286.46,invoice_value_above_p99
customer_month_spike,2018-11-01,UNIVERSITY OF CALGARY,15917.48,13021.37,monthly_invoice_total_above_mean_plus_3sd
invoice_outlier,2018-10-31,MEETING ESCROW,11112.42,9286.46,invoice_value_above_p99
invoice_outlier,2018-10-10,MEETING ESCROW,18309.39,9286.46,invoice_value_above_p99
customer_month_spike,2018-10-01,MEETING ESCROW,42168.78,39314.92,monthly_invoice_total_above_mean_plus_3sd
customer_month_spike,2018-10-01,UNIVERSITY OF CALGARY,17788.59,13021.37,monthly_invoice_total_above_mean_plus_3sd
customer_month_spike,2018-10-01,VANCOUVER FIRE & RESCUE SERVICES,3591.0,3374.91,monthly_invoice_total_above_mean_plus_3sd
customer_month_spike,2018-10-01,"C & E SPECIALTIES, INC",3306.84,2465.3,monthly_invoice_total_above_mean_plus_3sd
customer_month_spike,2018-09-01,NORTH SHORE NEIGHBOURHOOD HOUSE,14632.96,10457.79,monthly_invoice_total_above_mean_plus_3sd
invoice_outlier,2018-09-01,NORTH SHORE NEIGHBOURHOOD HOUSE,13876.8,9286.46,invoice_value_above_p99
invoice_outlier,2018-08-20,ASSOCIATED LABELS,27174.0,9286.46,invoice_value_above_p99
credit_burst,2018-08-01,MINISTRY OF ENVIRONMENT,5696.25,1323.88,monthly_credit_abs_above_p99
customer_month_spike,2018-08-01,ASSOCIATED LABELS,56793.87,32321.11,monthly_invoice_total_above_mean_plus_3sd
invoice_outlier,2018-08-01,ASSOCIATED LABELS,24690.12,9286.46,invoice_value_above_p99
invoice_outlier,2018-07-24,MEETING ESCROW,13486.55,9286.46,invoice_value_above_p99
customer_month_spike,2018-07-01,CBM CYBERMED,1468.07,1341.07,monthly_invoice_total_above_mean_plus_3sd
credit_burst,2018-05-01,FLEX ALERT COMPANY LTD,1968.75,1323.88,monthly_credit_abs_above_p99
credit_burst,2018-04-01,DYNAMIC STRUCTURES LTD,3977.24,1323.88,monthly_credit_abs_above_p99
credit_burst,2018-03-01,D2O,17931.06,1323.88,monthly_credit_abs_above_p99
customer_month_spike,2018-03-01,"C & E SPECIALTIES, INC",2582.84,2465.3,monthly_invoice_total_above_mean_plus_3sd
invoice_outlier,2018-02-06,BLANCHE MACDONALD CENTRE,10497.38,9286.46,invoice_value_above_p99
credit_burst,2018-02-01,CANDEAL INNOVATION INC,7632.59,1323.88,monthly_credit_abs_above_p99
invoice_outlier,2018-01-01,BLANCHE MACDONALD CENTRE,10497.38,9286.46,invoice_value_above_p99
credit_burst,2017-12-01,FIDELITY INVESTMENTS CANADA ULC,8834.79,1323.88,monthly_credit_abs_above_p99
credit_burst,2017-12-01,NORTH SHORE NEIGHBOURHOOD HOUSE,2956.8,1323.88,monthly_credit_abs_above_p99
credit_burst,2017-12-01,YUKON MEDICAL ASSOCIATION,1879.5,1323.88,monthly_credit_abs_above_p99
customer_month_spike,2017-12-01,FLEX ALERT COMPANY LTD,1968.75,1903.55,monthly_invoice_total_above_mean_plus_3sd
customer_month_spike,2017-11-01,NORTH SHORE NEIGHBOURHOOD HOUSE,11601.84,10457.79,monthly_invoice_total_above_mean_plus_3sd
customer_month_spike,2017-10-01,MINISTRY OF ENVIRONMENT,12228.09,9871.75,monthly_invoice_total_above_mean_plus_3sd
customer_month_spike,2017-10-01,SPRINKLER WORKS,503.27,379.91,monthly_invoice_total_above_mean_plus_3sd
credit_burst,2017-09-01,TERRA SANO,12754.88,1323.88,monthly_credit_abs_above_p99
credit_burst,2017-09-01,ASSET TAGZ,2950.0,1323.88,monthly_credit_abs_above_p99
credit_burst,2017-09-01,THE CANADA HOMESTAY NETWORK,2320.5,1323.88,monthly_credit_abs_above_p99
customer_month_spike,2017-09-01,SPRINKLER WORKS,579.39,379.91,monthly_invoice_total_above_mean_plus_3sd
customer_month_spike,2017-09-01,CNRC CANADIAN NETWORK FOR RESPIRATORY CARE,310.75,158.65,monthly_invoice_total_above_mean_plus_3sd
invoice_outlier,2017-08-31,TERRA SANO,12754.88,10786.39,invoice_value_above_p99
customer_month_spike,2017-08-01,HUNT PERSONNEL TEMPORARILY YOURS,5368.66,4843.78,monthly_invoice_total_above_mean_plus_3sd
invoice_outlier,2017-07-15,WEIR MINERALS,12642.0,10786.39,invoice_value_above_p99
invoice_outlier,2017-07-15,ATTN: VIRGINIA ACCTS PAYABLE / CHILD HEALTH BC,10822.88,10786.39,invoice_value_above_p99
customer_month_spike,2017-07-01,ITRISTAN MEDIA GROUP,14265.06,10362.55,monthly_invoice_total_above_mean_plus_3sd
credit_burst,2017-06-01,THE CANADA HOMESTAY NETWORK,14796.66,1323.88,monthly_credit_abs_above_p99
credit_burst,2017-06-01,ITRISTAN MEDIA GROUP,2398.09,1323.88,monthly_credit_abs_above_p99
customer_month_spike,2017-06-01,BC WOMENS HOSPITAL,7942.21,5866.48,monthly_invoice_total_above_mean_plus_3sd
invoice_outlier,2017-05-31,TERRA SANO,34702.8,10786.39,invoice_value_above_p99
invoice_outlier,2017-05-29,TERRA SANO,67962.04,10786.39,invoice_value_above_p99
invoice_outlier,2017-05-15,TERRA SANO,11513.25,10786.39,invoice_value_above_p99
credit_burst,2017-05-01,TERRA SANO,98702.22,1323.88,monthly_credit_abs_above_p99
credit_burst,2017-05-01,FIDELITY INVESTMENTS CANADA ULC,12607.75,1323.88,monthly_credit_abs_above_p99
credit_burst,2017-05-01,CANDEAL INNOVATION INC,1985.09,1323.88,monthly_credit_abs_above_p99
credit_burst,2017-05-01,PRO SHOP PARTNER,1712.23,1323.88,monthly_credit_abs_above_p99
customer_month_spike,2017-05-01,TERRA SANO,114178.09,55719.45,monthly_invoice_total_above_mean_plus_3sd
customer_month_spike,2017-05-01,ALP COMMUNICATIONS,73.45,39.29,monthly_invoice_total_above_mean_plus_3sd
invoice_outlier,2017-05-01,FIDELITY INVESTMENTS CANADA ULC,12607.75,10786.39,invoice_value_above_p99
invoice_outlier,2017-04-30,TERRA SANO,12980.63,10786.39,invoice_value_above_p99
customer_month_spike,2017-04-01,PANDA ENVIRONMENTAL SERVICES INC,2377.97,568.75,monthly_invoice_total_above_mean_plus_3sd
invoice_outlier,2017-03-31,TERRA SANO,12642.0,10786.39,invoice_value_above_p99
invoice_outlier,2017-03-23,NISG̱AA LISIMS GOVERNMENT,25200.0,10786.39,invoice_value_above_p99
credit_burst,2017-03-01,D2O,11827.14,1323.88,monthly_credit_abs_above_p99
credit_burst,2017-03-01,"MINISTRY OF FORESTS, LANDS & NATURAL RESOURCE OPERATIONS",2720.48,1323.88,monthly_credit_abs_above_p99
customer_month_spike,2017-03-01,NISG̱AA LISIMS GOVERNMENT,25200.0,12844.89,monthly_invoice_total_above_mean_plus_3sd
customer_month_spike,2017-03-01,THE CANADA HOMESTAY NETWORK,20550.11,20390.34,monthly_invoice_total_above_mean_plus_3sd
customer_month_spike,2017-03-01,MICHAEL CAHEN,162.75,155.8,monthly_invoice_total_above_mean_plus_3sd
invoice_outlier,2017-02-14,TERRA SANO,17608.5,10786.39,invoice_value_above_p99
credit_burst,2017-02-01,CANDEAL INNOVATION INC,2264.52,1323.88,monthly_credit_abs_above_p99
credit_burst,2017-02-01,TERRA SANO,1489.95,1323.88,monthly_credit_abs_above_p99
invoice_outlier,2017-02-01,D2O,11827.14,10786.39,invoice_value_above_p99
customer_month_spike,2017-01-01,THE CANADA HOMESTAY NETWORK,24832.04,20390.34,monthly_invoice_total_above_mean_plus_3sd
customer_month_spike,2017-01-01,RICHARD W FORGO,180.0,168.6,monthly_invoice_total_above_mean_plus_3sd
invoice_outlier,2016-12-31,THE CANADA HOMESTAY NETWORK,11558.4,10497.38,invoice_value_above_p99
invoice_outlier,2016-12-15,THE CANADA HOMESTAY NETWORK,14673.75,10497.38,invoice_value_above_p99
credit_burst,2016-12-01,REGENT AIRCRAFT,1885.28,1323.88,monthly_credit_abs_above_p99
customer_month_spike,2016-12-01,THE CANADA HOMESTAY NETWORK,28405.65,20390.34,monthly_invoice_total_above_mean_plus_3sd
customer_month_spike,2016-11-01,CANDEAL INNOVATION INC,30642.23,25627.0,monthly_invoice_total_above_mean_plus_3sd
customer_month_spike,2016-11-01,ASSET TAGZ,7509.5,4809.21,monthly_invoice_total_above_mean_plus_3sd
invoice_outlier,2016-11-01,CANDEAL INNOVATION INC,12265.59,10497.38,invoice_value_above_p99
credit_burst,2016-08-01,WA2 WATER CO,1984.5,1323.88,monthly_credit_abs_above_p99
credit_burst,2016-08-01,WESTPOINT CONFERENCE SERVICES,1575.0,1323.88,monthly_credit_abs_above_p99
customer_month_spike,2016-08-01,BLANCHE MACDONALD CENTRE,18123.85,17982.92,monthly_invoice_total_above_mean_plus_3sd
customer_month_spike,2016-08-01,DTT WORKS OF ART LIMITED,379.68,193.87,monthly_invoice_total_above_mean_plus_3sd
credit_burst,2016-07-01,ITRISTAN MEDIA GROUP,11119.2,1323.88,monthly_credit_abs_above_p99
invoice_outlier,2016-05-03,FIDELITY INVESTMENTS CANADA ULC,12607.75,10497.38,invoice_value_above_p99
invoice_outlier,2016-04-30,SEARS INITIUM,13924.43,10497.38,invoice_value_above_p99
invoice_outlier,2016-04-19,THE MORTGAGE GROUP TMG,13696.2,10497.38,invoice_value_above_p99
credit_burst,2016-04-01,PRO SHOP PARTNER,3027.27,1323.88,monthly_credit_abs_above_p99
invoice_outlier,2016-03-14,D2O,15024.53,10497.38,invoice_value_above_p99
credit_burst,2016-03-01,D2O,12367.4,1323.88,monthly_credit_abs_above_p99
customer_month_spike,2016-03-01,DIAMOND DELIVERY,9820.13,9801.94,monthly_invoice_total_above_mean_plus_3sd
customer_month_spike,2016-03-01,"PIEDMONT CASA, INC.",48.75,38.15,monthly_invoice_total_above_mean_plus_3sd
invoice_outlier,2016-02-15,THE MORTGAGE GROUP TMG,11037.6,10497.38,invoice_value_above_p99
invoice_outlier,2016-02-02,D2O,12147.95,10497.38,invoice_value_above_p99
customer_month_spike,2016-02-01,THE COLLEGE OF PROBLEMS AND DRUG DEPENDENCE CPDD,2597.5,2130.13,monthly_invoice_total_above_mean_plus_3sd
customer_month_spike,2016-02-01,SEICHO-NO-IE (SNI) TORONTO CENTRE,1404.08,1304.06,monthly_invoice_total_above_mean_plus_3sd
invoice_outlier,2016-01-31,THE MORTGAGE GROUP TMG,11692.8,10497.38,invoice_value_above_p99
invoice_outlier,2016-01-15,THE MORTGAGE GROUP TMG,14515.2,10497.38,invoice_value_above_p99
customer_month_spike,2016-01-01,KELLY POKHAREL,71.25,58.86,monthly_invoice_total_above_mean_plus_3sd
invoice_outlier,2015-12-15,THE MORTGAGE GROUP TMG,13192.2,10000.49,invoice_value_above_p99
invoice_outlier,2015-10-31,BLANCHE MACDONALD CENTRE,13770.75,10000.49,invoice_value_above_p99
invoice_outlier,2015-10-31,HIGHLINE MUSHROOMS,10638.78,10000.49,invoice_value_above_p99
invoice_outlier,2015-10-31,THE MORTGAGE GROUP TMG,10130.4,10000.49,invoice_value_above_p99
invoice_outlier,2015-10-15,THE MORTGAGE GROUP TMG,13545.0,10000.49,invoice_value_above_p99
credit_burst,2015-10-01,4H SOLUTIONS,2500.0,1323.88,monthly_credit_abs_above_p99
customer_month_spike,2015-10-01,BRUCE ALLEN TALENT,7475.37,7389.4,monthly_invoice_total_above_mean_plus_3sd
customer_month_spike,2015-09-01,CHILD HEALTH BC HIP SURVEILLANCE PROGRAM,4231.5,4095.83,monthly_invoice_total_above_mean_plus_3sd
invoice_outlier,2015-08-31,PROVIDENCE HEALTH CARE,17902.5,10000.49,invoice_value_above_p99
customer_month_spike,2015-08-01,BRUCE ALLEN TALENT,11899.29,7389.4,monthly_invoice_total_above_mean_plus_3sd
customer_month_spike,2015-08-01,MACINTOSH APPRAISALS LTD.,1732.51,1442.82,monthly_invoice_total_above_mean_plus_3sd
invoice_outlier,2015-07-16,FIDELITY INVESTMENTS CANADA UL,10684.15,10000.49,invoice_value_above_p99
credit_burst,2015-07-01,FIDELITY INVESTMENTS CANADA ULC,12008.51,1323.88,monthly_credit_abs_above_p99
customer_month_spike,2015-07-01,BRUCE ALLEN TALENT,11021.34,7389.4,monthly_invoice_total_above_mean_plus_3sd
invoice_outlier,2015-06-30,FIDELITY INVESTMENTS CANADA ULC,10709.01,10000.49,invoice_value_above_p99
credit_burst,2015-06-01,FIDELITY INVESTMENTS CANADA ULC,17504.83,1323.88,monthly_credit_abs_above_p99
customer_month_spike,2015-06-01,BLANCHE MACDONALD CENTRE,18511.5,17982.92,monthly_invoice_total_above_mean_plus_3sd
invoice_outlier,2015-05-31,WOLLASTON LAKE LODGE,14189.18,10000.49,invoice_value_above_p99
invoice_outlier,2015-05-22,FIDELITY INVESTMENTS CANADA ULC,17504.83,10000.49,invoice_value_above_p99
invoice_outlier,2015-05-15,FIDELITY INVESTMENTS CANADA ULC,15441.45,10000.49,invoice_value_above_p99
credit_burst,2015-05-01,FIDELITY INVESTMENTS CANADA ULC,15441.45,1323.88,monthly_credit_abs_above_p99
credit_burst,2015-05-01,WOLLASTON LAKE LODGE,1455.3,1323.88,monthly_credit_abs_above_p99
customer_month_spike,2015-05-01,FIDELITY INVESTMENTS CANADA ULC,41658.58,31425.53,monthly_invoice_total_above_mean_plus_3sd
credit_burst,2015-04-01,"MINISTRY OF FORESTS, LANDS & NATURAL RESOURCE OPERATIONS",8820.0,1323.88,monthly_credit_abs_above_p99
customer_month_spike,2015-04-01,PRO SHOP PARTNER,13423.74,12238.85,monthly_invoice_total_above_mean_plus_3sd
invoice_outlier,2015-03-13,D2O,11879.64,10000.49,invoice_value_above_p99
credit_burst,2015-03-01,KIDS UP FRONT FOUNDATION,3150.0,1323.88,monthly_credit_abs_above_p99
customer_month_spike,2015-03-01,MAPLE FUN TOURS,8887.73,7424.85,monthly_invoice_total_above_mean_plus_3sd
customer_month_spike,2015-02-01,CITRUS O,5124.0,2943.05,monthly_invoice_total_above_mean_plus_3sd
customer_month_spike,2015-02-01,MANPOWER COMPLIANCE,145.0,138.19,monthly_invoice_total_above_mean_plus_3sd
invoice_outlier,2015-01-31,WOLLASTON LAKE LODGE,10758.83,10000.49,invoice_value_above_p99
invoice_outlier,2015-01-30,D2O,11418.75,10000.49,invoice_value_above_p99
customer_month_spike,2015-01-01,D2O,19528.69,19194.39,monthly_invoice_total_above_mean_plus_3sd
customer_month_spike,2015-01-01,ANTLER CREEK LOGGING LTD,3583.13,3573.96,monthly_invoice_total_above_mean_plus_3sd
invoice_outlier,2014-12-31,WOLLASTON LAKE LODGE,12387.38,10809.34,invoice_value_above_p99
invoice_outlier,2014-12-15,THE MORTGAGE GROUP TMG,14544.18,10809.34,invoice_value_above_p99
invoice_outlier,2014-12-03,D2O,10871.7,10809.34,invoice_value_above_p99
customer_month_spike,2014-12-01,D2O,20994.54,19194.39,monthly_invoice_total_above_mean_plus_3sd
customer_month_spike,2014-12-01,RICHARD W FORGO,195.0,168.6,monthly_invoice_total_above_mean_plus_3sd
invoice_outlier,2014-11-30,FIDELITY INVESTMENTS CANADA ULC,12102.3,10809.34,invoice_value_above_p99
customer_month_spike,2014-11-01,WESTPOINT CONFERENCE SERVICES,11230.28,8695.09,monthly_invoice_total_above_mean_plus_3sd
customer_month_spike,2014-11-01,MICHAEL BUBLE,8037.53,3557.85,monthly_invoice_total_above_mean_plus_3sd
credit_burst,2014-10-01,DIAMOND DELIVERY,1545.6,1323.88,monthly_credit_abs_above_p99
customer_month_spike,2014-10-01,DMD & ASSOCIATES LTD,7120.59,6546.65,monthly_invoice_total_above_mean_plus_3sd
customer_month_spike,2014-09-01,CBM CYBERMED,1363.49,1341.07,monthly_invoice_total_above_mean_plus_3sd
customer_month_spike,2014-09-01,THE WOODBRIDGE COMPANY LTD,1019.26,891.28,monthly_invoice_total_above_mean_plus_3sd
customer_month_spike,2014-08-01,DMD & ASSOCIATES LTD,9753.98,6546.65,monthly_invoice_total_above_mean_plus_3sd
customer_month_spike,2014-08-01,KELLY ARNSDORF,189.0,173.7,monthly_invoice_total_above_mean_plus_3sd
customer_month_spike,2014-07-01,DMD & ASSOCIATES LTD,7189.88,6546.65,monthly_invoice_total_above_mean_plus_3sd
credit_burst,2014-06-01,KIDS UP FRONT FOUNDATION,5997.25,1323.88,monthly_credit_abs_above_p99
credit_burst,2014-06-01,WA2 WATER CO,3281.25,1323.88,monthly_credit_abs_above_p99
customer_month_spike,2014-06-01,WESTPOINT CONFERENCE SERVICES,9521.4,8695.09,monthly_invoice_total_above_mean_plus_3sd
invoice_outlier,2014-05-31,RBC CAPITAL MARKETS,22691.08,10809.34,invoice_value_above_p99
invoice_outlier,2014-05-07,WOLLASTON LAKE LODGE,13426.88,10809.34,invoice_value_above_p99
credit_burst,2014-05-01,FIDELITY INVESTMENTS CANADA ULC,11075.4,1323.88,monthly_credit_abs_above_p99
credit_burst,2014-05-01,PRO SHOP PARTNER,5140.09,1323.88,monthly_credit_abs_above_p99
invoice_outlier,2014-04-30,RBC CAPITAL MARKETS,36279.22,10809.34,invoice_value_above_p99
invoice_outlier,2014-04-15,FIDELITY INVESTMENTS CANADA ULC,11153.1,10809.34,invoice_value_above_p99
credit_burst,2014-04-01,PRO SHOP PARTNER,9047.06,1323.88,monthly_credit_abs_above_p99
customer_month_spike,2014-04-01,PRO SHOP PARTNER,16690.84,12238.85,monthly_invoice_total_above_mean_plus_3sd
customer_month_spike,2014-04-01,DMD & ASSOCIATES LTD,6843.39,6546.65,monthly_invoice_total_above_mean_plus_3sd
invoice_outlier,2014-03-31,RBC CAPITAL MARKETS,53823.03,10809.34,invoice_value_above_p99
invoice_outlier,2014-03-15,FIDELITY INVESTMENTS CANADA ULC,12228.86,10809.34,invoice_value_above_p99
customer_month_spike,2014-03-01,8 HANDS AND 8 FEET PUBLISHING INC,687.76,592.72,monthly_invoice_total_above_mean_plus_3sd
invoice_outlier,2014-02-28,RBC CAPITAL MARKETS,70244.19,10809.34,invoice_value_above_p99
credit_burst,2014-02-01,RBC CAPITAL MARKETS,2161.8,1323.88,monthly_credit_abs_above_p99
customer_month_spike,2014-02-01,MARTIN L. ELLIOTT,497.0,473.04,monthly_invoice_total_above_mean_plus_3sd
invoice_outlier,2014-01-31,RBC CAPITAL MARKETS,67659.99,10809.34,invoice_value_above_p99
invoice_outlier,2014-01-07,WOLLASTON LAKE LODGE,17325.0,10809.34,invoice_value_above_p99
customer_month_spike,2014-01-01,BRUCE ALLEN TALENT,7855.41,7389.4,monthly_invoice_total_above_mean_plus_3sd
invoice_outlier,2013-12-30,RBC CAPITAL MARKETS,57100.03,18521.15,invoice_value_above_p99
customer_month_spike,2013-12-01,MARY ROZSA DE COQUET,611.1,381.34,monthly_invoice_total_above_mean_plus_3sd
invoice_outlier,2013-11-30,RBC CAPITAL MARKETS,36578.1,18521.15,invoice_value_above_p99
invoice_outlier,2013-10-15,RBC CAPITAL MARKETS,37386.05,18521.15,invoice_value_above_p99
invoice_outlier,2013-09-30,RBC CAPITAL MARKETS,32391.45,18521.15,invoice_value_above_p99
customer_month_spike,2013-09-01,DMD & ASSOCIATES LTD,10221.75,6546.65,monthly_invoice_total_above_mean_plus_3sd
invoice_outlier,2013-08-31,RBC CAPITAL MARKETS,28939.3,18521.15,invoice_value_above_p99
invoice_outlier,2013-08-13,RBC CAPITAL MARKETS,25450.43,18521.15,invoice_value_above_p99
customer_month_spike,2013-08-01,DMD & ASSOCIATES LTD,9043.13,6546.65,monthly_invoice_total_above_mean_plus_3sd
customer_month_spike,2013-08-01,JAW DROP MARKETING,2598.76,2388.97,monthly_invoice_total_above_mean_plus_3sd
invoice_outlier,2013-07-30,RBC CAPITAL MARKETS,25560.6,18521.15,invoice_value_above_p99
credit_burst,2013-07-01,RBC CAPITAL MARKETS,16012.1,1323.88,monthly_credit_abs_above_p99
credit_burst,2013-07-01,HUNT PERSONNEL TEMPORARILY YOURS,1413.44,1323.88,monthly_credit_abs_above_p99
invoice_outlier,2013-07-01,RBC CAPITAL MARKETS,51672.08,18521.15,invoice_value_above_p99
invoice_outlier,2013-06-30,RBC CAPITAL MARKETS,33272.85,18521.15,invoice_value_above_p99
credit_burst,2013-06-01,THE FELDMAN AGENCY INC,1417.5,1323.88,monthly_credit_abs_above_p99
customer_month_spike,2013-06-01,MACWIZARD,180.8,170.72,monthly_invoice_total_above_mean_plus_3sd
invoice_outlier,2013-05-01,RBC CAPITAL MARKETS,25854.4,18521.15,invoice_value_above_p99
customer_month_spike,2013-04-01,MACINTOSH APPRAISALS LTD.,1453.9,1442.82,monthly_invoice_total_above_mean_plus_3sd
invoice_outlier,2013-04-01,RBC CAPITAL MARKETS,20125.3,18521.15,invoice_value_above_p99
customer_month_spike,2013-03-01,CHILD & FAMILY RESEARCH INSTITUTE,24147.2,11371.29,monthly_invoice_total_above_mean_plus_3sd
credit_burst,2013-01-01,KIDS UP FRONT FOUNDATION,3861.76,1323.88,monthly_credit_abs_above_p99
customer_month_spike,2012-12-01,PINNACLE FOOD EQUIPMENT SERVICES LLP,1537.76,692.49,monthly_invoice_total_above_mean_plus_3sd
invoice_outlier,2012-11-12,FIDELITY INVESTMENTS CANADA ULC,15209.6,7295.42,invoice_value_above_p99
invoice_outlier,2012-11-12,FIDELITY INVESTMENTS CANADA ULC,7369.6,7295.42,invoice_value_above_p99
customer_month_spike,2012-11-01,ACMO,10792.32,10151.04,monthly_invoice_total_above_mean_plus_3sd
customer_month_spike,2012-11-01,PINNACLE FOOD EQUIPMENT SERVICES LLP,1584.8,692.49,monthly_invoice_total_above_mean_plus_3sd
customer_month_spike,2012-11-01,MARTIN BAUER,1133.44,823.36,monthly_invoice_total_above_mean_plus_3sd
credit_burst,2012-10-01,CLINICAL SLEEP SOLUTIONS,1330.0,1323.88,monthly_credit_abs_above_p99
invoice_outlier,2012-08-16,0938120 BC LTD,8240.96,7295.42,invoice_value_above_p99
customer_month_spike,2012-08-01,R BERSWICK ENTERTAINMENT SERVICES,935.2,820.77,monthly_invoice_total_above_mean_plus_3sd
credit_burst,2012-07-01,MACINTOSH APPRAISALS LTD.,4032.0,1323.88,monthly_credit_abs_above_p99
customer_month_spike,2012-07-01,PACIFIC SLEEP CARE,9318.4,6601.06,monthly_invoice_total_above_mean_plus_3sd
customer_month_spike,2012-07-01,THE COLLEGE OF PROBLEMS AND DRUG DEPENDENCE CPDD,2470.0,2130.13,monthly_invoice_total_above_mean_plus_3sd
invoice_outlier,2012-06-28,THE CANADA HOMESTAY NETWORK,12775.84,7295.42,invoice_value_above_p99
credit_burst,2012-06-01,WA2 WATER CO,2352.0,1323.88,monthly_credit_abs_above_p99
customer_month_spike,2012-06-01,DAVID PAGE,2344.16,2190.39,monthly_invoice_total_above_mean_plus_3sd
invoice_outlier,2012-05-31,THE MORTGAGE GROUP,14017.92,7295.42,invoice_value_above_p99
invoice_outlier,2012-05-02,THE CANADA HOMESTAY NETWORK,17248.0,7295.42,invoice_value_above_p99
credit_burst,2012-05-01,THE CANADA HOMESTAY NETWORK,12248.0,1323.88,monthly_credit_abs_above_p99
customer_month_spike,2012-05-01,THE CANADA HOMESTAY NETWORK,29496.0,20390.34,monthly_invoice_total_above_mean_plus_3sd
customer_month_spike,2012-05-01,PINNACLE FOOD EQUIPMENT SERVICES LLP,1006.88,692.49,monthly_invoice_total_above_mean_plus_3sd
invoice_outlier,2012-04-20,THE MORTGAGE GROUP,8388.8,7295.42,invoice_value_above_p99
credit_burst,2012-04-01,PACIFIC SLEEP CARE,5974.08,1323.88,monthly_credit_abs_above_p99
invoice_outlier,2012-03-12,WESTPOINT CONFERENCE SERVICES,7996.8,7295.42,invoice_value_above_p99
credit_burst,2012-03-01,ADAMS COMMUNICATIONS INC,3542.56,1323.88,monthly_credit_abs_above_p99
customer_month_spike,2012-03-01,WESTPOINT CONFERENCE SERVICES,12798.8,8695.09,monthly_invoice_total_above_mean_plus_3sd
customer_month_spike,2012-03-01,PACIFIC SLEEP CARE,6899.2,6601.06,monthly_invoice_total_above_mean_plus_3sd
customer_month_spike,2012-03-01,DECODA LITERACY SOLUTIONS,698.88,416.76,monthly_invoice_total_above_mean_plus_3sd
invoice_outlier,2012-02-24,THE MORTGAGE GROUP,7862.4,7295.42,invoice_value_above_p99
customer_month_spike,2012-02-01,SASKATCHEWAN CAUCUS,5945.0,2868.66,monthly_invoice_total_above_mean_plus_3sd
credit_burst,2012-01-01,WA2 WATER CO,1456.0,1323.88,monthly_credit_abs_above_p99
invoice_outlier,2011-11-30,SL FELDMAN & ASSOCIATES,9318.4,5176.08,invoice_value_above_p99
customer_month_spike,2011-11-01,WA2 WATER CO,6272.0,5828.81,monthly_invoice_total_above_mean_plus_3sd
customer_month_spike,2011-08-01,WA2 WATER CO,6048.0,5828.81,monthly_invoice_total_above_mean_plus_3sd
customer_month_spike,2011-07-01,THE COLLEGE OF PROBLEMS AND DRUG DEPENDENCE CPDD,2400.0,2130.13,monthly_invoice_total_above_mean_plus_3sd
customer_month_spike,2011-07-01,BIKRAM'S YOGA NORTH VANCOUVER,2066.4,2035.01,monthly_invoice_total_above_mean_plus_3sd
invoice_outlier,2011-02-15,THE MORTGAGE GROUP,6668.48,5176.08,invoice_value_above_p99
invoice_outlier,2011-01-31,THE MORTGAGE GROUP,7134.4,5176.08,invoice_value_above_p99
invoice_outlier,2011-01-31,THE MORTGAGE GROUP,5794.88,5176.08,invoice_value_above_p99
invoice_outlier,2011-01-15,THE MORTGAGE GROUP,5722.08,5176.08,invoice_value_above_p99
invoice_outlier,2011-01-15,THE MORTGAGE GROUP,5241.6,5176.08,invoice_value_above_p99
credit_burst,2010-12-01,THE MORTGAGE GROUP,4272.04,1323.88,monthly_credit_abs_above_p99
customer_month_spike,2010-12-01,JEWISH FILM FOUNDATION,67.2,53.6,monthly_invoice_total_above_mean_plus_3sd
invoice_outlier,2010-09-30,THE MORTGAGE GROUP,8478.4,5225.88,invoice_value_above_p99
invoice_outlier,2010-09-15,SL FELDMAN & ASSOCIATES,8299.2,5225.88,invoice_value_above_p99
customer_month_spike,2010-07-01,THE COLLEGE OF PROBLEMS AND DRUG DEPENDENCE CPDD,2341.02,2130.13,monthly_invoice_total_above_mean_plus_3sd
credit_burst,2010-06-01,ITRISTAN MEDIA GROUP,2572.5,1323.88,monthly_credit_abs_above_p99
customer_month_spike,2010-06-01,EXOREX SKIN CARE INC,3585.75,2386.59,monthly_invoice_total_above_mean_plus_3sd
customer_month_spike,2010-04-01,ROCKY MOUNTAIN NEUROSURGICAL SOCIETY,4550.0,2925.65,monthly_invoice_total_above_mean_plus_3sd
invoice_outlier,2010-04-01,SL FELDMAN & ASSOCIATES,10237.5,5225.88,invoice_value_above_p99
customer_month_spike,2010-03-01,PAUL NELSON,3332.73,1853.97,monthly_invoice_total_above_mean_plus_3sd
customer_month_spike,2010-03-01,UNKNOWN,900.0,310.92,monthly_invoice_total_above_mean_plus_3sd
invoice_outlier,2010-02-15,SL FELDMAN & ASSOCIATES,5364.45,5225.88,invoice_value_above_p99
invoice_outlier,2009-11-15,SL FELDMAN & ASSOCIATES,17881.5,8387.4,invoice_value_above_p99
customer_month_spike,2009-11-01,SL FELDMAN & ASSOCIATES,28167.3,19446.03,monthly_invoice_total_above_mean_plus_3sd
credit_burst,2009-10-01,EXOREX SKIN CARE INC,1365.0,1323.88,monthly_credit_abs_above_p99
customer_month_spike,2009-10-01,COMPUTER TROUBLESHOOTERS CANADA,3156.3,2441.0,monthly_invoice_total_above_mean_plus_3sd
credit_burst,2009-09-01,MEHBOOB ALLADINA,6961.5,1323.88,monthly_credit_abs_above_p99
invoice_outlier,2009-07-16,SL FELDMAN & ASSOCIATES,8400.0,8387.4,invoice_value_above_p99
customer_month_spike,2009-07-01,CREATIVE THINKING,3545.64,3251.1,monthly_invoice_total_above_mean_plus_3sd
customer_month_spike,2009-07-01,EXOREX SKIN CARE INC,3503.43,2386.59,monthly_invoice_total_above_mean_plus_3sd
invoice_outlier,2009-06-15,SL FELDMAN & ASSOCIATES,8400.0,8387.4,invoice_value_above_p99
credit_burst,2009-06-01,MEHBOOB ALLADINA,6300.0,1323.88,monthly_credit_abs_above_p99
customer_month_spike,2009-06-01,CREATIVE THINKING,4975.64,3251.1,monthly_invoice_total_above_mean_plus_3sd
invoice_outlier,2009-04-13,ITRISTAN MEDIA GROUP,13860.0,8387.4,invoice_value_above_p99
customer_month_spike,2009-04-01,ITRISTAN MEDIA GROUP,28600.25,10362.55,monthly_invoice_total_above_mean_plus_3sd
credit_burst,2009-03-01,MEHBOOB ALLADINA,10080.0,1323.88,monthly_credit_abs_above_p99
customer_month_spike,2009-03-01,CANAMERICA GLOBAL,2910.6,2775.28,monthly_invoice_total_above_mean_plus_3sd
invoice_outlier,2009-01-27,MEHBOOB ALLADINA,10080.0,8387.4,invoice_value_above_p99
customer_month_spike,2009-01-01,CANAMERICA GLOBAL,3071.36,2775.28,monthly_invoice_total_above_mean_plus_3sd
customer_month_spike,2008-11-01,MACINTOSH APPRAISALS LTD.,1474.2,1442.82,monthly_invoice_total_above_mean_plus_3sd
customer_month_spike,2008-11-01,MARTIN BAUER,847.14,823.36,monthly_invoice_total_above_mean_plus_3sd
customer_month_spike,2008-09-01,CREATIVE THINKING,4011.48,3251.1,monthly_invoice_total_above_mean_plus_3sd
customer_month_spike,2008-08-01,DOUGLAS ALDER,450.0,425.49,monthly_invoice_total_above_mean_plus_3sd
credit_burst,2008-07-01,WE THE COLLECTIVE,3150.0,1323.88,monthly_credit_abs_above_p99
invoice_outlier,2008-06-30,WESTPOINT CONFERENCE SERVICES,4725.0,4426.69,invoice_value_above_p99
invoice_outlier,2008-06-15,SL FELDMAN & ASSOCIATES,5255.25,4426.69,invoice_value_above_p99
invoice_outlier,2008-04-30,SL FELDMAN & ASSOCIATES,4462.5,4426.69,invoice_value_above_p99
invoice_outlier,2008-01-04,HUNT PERSONNEL TEMPORARILY YOURS,10169.25,4426.69,invoice_value_above_p99
customer_month_spike,2008-01-01,HUNT PERSONNEL TEMPORARILY YOURS,10169.25,4843.78,monthly_invoice_total_above_mean_plus_3sd
customer_month_spike,2008-01-01,CREATIVE THINKING,3563.7,3251.1,monthly_invoice_total_above_mean_plus_3sd
customer_month_spike,2007-11-01,HUNT PERSONNEL TEMPORARILY YOURS,5671.0,4843.78,monthly_invoice_total_above_mean_plus_3sd
customer_month_spike,2007-10-01,HUNT PERSONNEL TEMPORARILY YOURS,10600.0,4843.78,monthly_invoice_total_above_mean_plus_3sd
credit_burst,2007-07-01,SL FELDMAN & ASSOCIATES,9699.0,1323.88,monthly_credit_abs_above_p99
customer_month_spike,2007-06-01,HUNT PERSONNEL TEMPORARILY YOURS,5883.0,4843.78,monthly_invoice_total_above_mean_plus_3sd
customer_month_spike,2007-06-01,"C & E SPECIALTIES, INC",2751.62,2465.3,monthly_invoice_total_above_mean_plus_3sd
customer_month_spike,2007-06-01,TIMBER LAKE MANAGEMENT,275.0,175.34,monthly_invoice_total_above_mean_plus_3sd
credit_burst,2007-05-01,THE PORTABLES,1378.0,1323.88,monthly_credit_abs_above_p99
customer_month_spike,2007-05-01,"CASH SALES
",4169.7,3061.38,monthly_invoice_total_above_mean_plus_3sd
credit_burst,2007-03-01,SL FELDMAN & ASSOCIATES,1459.62,1323.88,monthly_credit_abs_above_p99
invoice_outlier,2007-02-28,DIGITAL POSTER (INTERNAL NEO CODE PROJECT),14207.45,13134.67,invoice_value_above_p99
invoice_outlier,2007-02-15,DIGITAL POSTER (INTERNAL NEO CODE PROJECT),13942.71,13134.67,invoice_value_above_p99
customer_month_spike,2007-02-01,CREATIVE THINKING,3430.14,3251.1,monthly_invoice_total_above_mean_plus_3sd
invoice_outlier,2007-01-29,SL FELDMAN & ASSOCIATES,16706.13,13134.67,invoice_value_above_p99
customer_month_spike,2006-12-01,WESTPOINT CONFERENCE SERVICES,10189.07,8695.09,monthly_invoice_total_above_mean_plus_3sd
customer_month_spike,2006-12-01,MARTIN BAUER,1148.6,823.36,monthly_invoice_total_above_mean_plus_3sd
customer_month_spike,2006-11-01,WESTPOINT CONFERENCE SERVICES,9378.17,8695.09,monthly_invoice_total_above_mean_plus_3sd
customer_month_spike,2006-11-01,FARIDA AINI,2042.78,999.87,monthly_invoice_total_above_mean_plus_3sd
customer_month_spike,2006-10-01,WESTPOINT CONFERENCE SERVICES,9378.17,8695.09,monthly_invoice_total_above_mean_plus_3sd
customer_month_spike,2006-10-01,MEGA ASSISTANCE SERVICES INC,1389.9,1270.69,monthly_invoice_total_above_mean_plus_3sd
credit_burst,2006-08-01,SL FELDMAN & ASSOCIATES,15729.0,1323.88,monthly_credit_abs_above_p99
credit_burst,2006-08-01,THE PORTABLES,14619.88,1323.88,monthly_credit_abs_above_p99
customer_month_spike,2006-08-01,MACINTOSH APPRAISALS LTD.,1998.1,1442.82,monthly_invoice_total_above_mean_plus_3sd
customer_month_spike,2006-07-01,THE PORTABLES,27955.92,22202.79,monthly_invoice_total_above_mean_plus_3sd
invoice_outlier,2006-06-15,THE PORTABLES,18072.84,15485.91,invoice_value_above_p99
credit_burst,2006-06-01,SL FELDMAN & ASSOCIATES,2159.26,1323.88,monthly_credit_abs_above_p99
customer_month_spike,2006-06-01,THE PORTABLES,30787.38,22202.79,monthly_invoice_total_above_mean_plus_3sd
invoice_outlier,2006-05-18,SL FELDMAN & ASSOCIATES,15729.0,15485.91,invoice_value_above_p99
customer_month_spike,2006-05-01,SL FELDMAN & ASSOCIATES,20553.63,19446.03,monthly_invoice_total_above_mean_plus_3sd
customer_month_spike,2006-05-01,MACINTOSH APPRAISALS LTD.,3908.04,1442.82,monthly_invoice_total_above_mean_plus_3sd
customer_month_spike,2006-02-01,EXOREX SKIN CARE INC,2622.0,2386.59,monthly_invoice_total_above_mean_plus_3sd
customer_month_spike,2006-02-01,SOLUTIONSTACK TECHNOLOGIES,1276.8,1213.9,monthly_invoice_total_above_mean_plus_3sd
customer_month_spike,2005-12-01,EBAY US ACCOUNT,732.47,714.2,monthly_invoice_total_above_mean_plus_3sd
invoice_outlier,2005-11-15,CREATIVE THINKING,3442.5,2766.15,invoice_value_above_p99
customer_month_spike,2005-11-01,CREATIVE THINKING,3691.2,3251.1,monthly_invoice_total_above_mean_plus_3sd
invoice_outlier,2005-10-31,CREATIVE THINKING,3078.0,2766.15,invoice_value_above_p99
customer_month_spike,2005-10-01,CREATIVE THINKING,5837.5,3251.1,monthly_invoice_total_above_mean_plus_3sd
customer_month_spike,2005-10-01,DOUGLAS ALDER,550.0,425.49,monthly_invoice_total_above_mean_plus_3sd
customer_month_spike,2005-09-01,CREATIVE THINKING,5069.5,3251.1,monthly_invoice_total_above_mean_plus_3sd
customer_month_spike,2004-12-01,"C & E SPECIALTIES, INC",2631.0,2465.3,monthly_invoice_total_above_mean_plus_3sd
credit_burst,2004-07-01,WESTPOINT CONFERENCE SERVICES,1412.92,1323.88,monthly_credit_abs_above_p99
invoice_outlier,2004-01-14,CREATIVE THINKING,2425.5,1800.0,invoice_value_above_p99
customer_month_spike,2004-01-01,CREATIVE THINKING,3405.5,3251.1,monthly_invoice_total_above_mean_plus_3sd
credit_burst,2003-12-01,ABSTRAK,2415.0,1323.88,monthly_credit_abs_above_p99
customer_month_spike,2003-11-01,ABSTRAK,5269.5,4978.02,monthly_invoice_total_above_mean_plus_3sd
invoice_outlier,2003-09-24,ITRISTAN MEDIA GROUP,5350.0,5330.5,invoice_value_above_p99
invoice_outlier,2003-04-28,SL FELDMAN & ASSOCIATES,6420.0,5330.5,invoice_value_above_p99
invoice_outlier,2002-07-31,THE FELDMAN AGENCY INC,12198.0,11021.0,invoice_value_above_p99
customer_month_spike,2002-07-01,THE FELDMAN AGENCY INC,17368.82,14328.83,monthly_invoice_total_above_mean_plus_3sd
customer_month_spike,2002-04-01,ABSTRAK,7645.1,4978.02,monthly_invoice_total_above_mean_plus_3sd
